,location,suitability,date,time,current date,current time
0,West Perth,False,19/06/2019,14:50,2019-01-19,08:47:47.510233
1,West Perth,False,24/06/2019,14:50,2019-01-19,08:47:47.510233
2,West Perth,False,25/06/2019,09:45,2019-01-19,08:47:47.510233
3,West Perth,False,25/06/2019,11:25,2019-01-19,08:47:47.510233
4,West Perth,False,25/06/2019,14:50,2019-01-19,08:47:47.510233
5,West Perth,False,25/06/2019,15:40,2019-01-19,08:47:47.510233
6,West Perth,False,03/07/2019,07:05,2019-01-19,08:47:47.510233
7,West Perth,False,03/07/2019,10:35,2019-01-19,08:47:47.510233
8,West Perth,False,03/07/2019,11:25,2019-01-19,08:47:47.510233
0,West Perth,False,19/06/2019,14:50,2019-01-19,08:49:08.309479
1,West Perth,False,24/06/2019,14:50,2019-01-19,08:49:08.309479
2,West Perth,False,25/06/2019,09:45,2019-01-19,08:49:08.309479
3,West Perth,False,25/06/2019,11:25,2019-01-19,08:49:08.309479
4,West Perth,False,25/06/2019,14:50,2019-01-19,08:49:08.309479
5,West Perth,False,25/06/2019,15:40,2019-01-19,08:49:08.309479
6,West Perth,False,03/07/2019,07:05,2019-01-19,08:49:08.309479
7,West Perth,False,03/07/2019,10:35,2019-01-19,08:49:08.309479
8,West Perth,False,03/07/2019,11:25,2019-01-19,08:49:08.309479
0,West Perth,False,24/06/2019,14:50,2019-01-19,08:53:32.696999
1,West Perth,False,25/06/2019,09:45,2019-01-19,08:53:32.696999
2,West Perth,False,25/06/2019,11:25,2019-01-19,08:53:32.696999
3,West Perth,False,25/06/2019,14:50,2019-01-19,08:53:32.696999
4,West Perth,False,25/06/2019,15:40,2019-01-19,08:53:32.696999
5,West Perth,False,03/07/2019,07:05,2019-01-19,08:53:32.696999
6,West Perth,False,03/07/2019,10:35,2019-01-19,08:53:32.696999
7,West Perth,False,03/07/2019,11:25,2019-01-19,08:53:32.696999
8,West Perth,False,08/07/2019,10:35,2019-01-19,08:53:32.696999
0,West Perth,False,24/06/2019,14:50,2019-01-19,08:58:32.896346
1,West Perth,False,25/06/2019,09:45,2019-01-19,08:58:32.896346
2,West Perth,False,25/06/2019,11:25,2019-01-19,08:58:32.896346
3,West Perth,False,25/06/2019,14:50,2019-01-19,08:58:32.896346
4,West Perth,False,25/06/2019,15:40,2019-01-19,08:58:32.896346
5,West Perth,False,03/07/2019,07:05,2019-01-19,08:58:32.896346
6,West Perth,False,03/07/2019,10:35,2019-01-19,08:58:32.896346
7,West Perth,False,03/07/2019,11:25,2019-01-19,08:58:32.896346
8,West Perth,False,08/07/2019,10:35,2019-01-19,08:58:32.896346
0,West Perth,False,24/06/2019,14:50,2019-01-19,09:03:32.473164
1,West Perth,False,25/06/2019,09:45,2019-01-19,09:03:32.473164
2,West Perth,False,25/06/2019,11:25,2019-01-19,09:03:32.473164
3,West Perth,False,25/06/2019,14:50,2019-01-19,09:03:32.473164
4,West Perth,False,25/06/2019,15:40,2019-01-19,09:03:32.473164
5,West Perth,False,03/07/2019,07:05,2019-01-19,09:03:32.473164
6,West Perth,False,03/07/2019,10:35,2019-01-19,09:03:32.473164
7,West Perth,False,03/07/2019,11:25,2019-01-19,09:03:32.473164
8,West Perth,False,08/07/2019,10:35,2019-01-19,09:03:32.473164
0,West Perth,False,24/06/2019,14:50,2019-01-19,09:08:32.322431
1,West Perth,False,25/06/2019,09:45,2019-01-19,09:08:32.322431
2,West Perth,False,25/06/2019,11:25,2019-01-19,09:08:32.322431
3,West Perth,False,25/06/2019,14:50,2019-01-19,09:08:32.322431
4,West Perth,False,25/06/2019,15:40,2019-01-19,09:08:32.322431
5,West Perth,False,03/07/2019,07:05,2019-01-19,09:08:32.322431
6,West Perth,False,03/07/2019,10:35,2019-01-19,09:08:32.322431
7,West Perth,False,03/07/2019,11:25,2019-01-19,09:08:32.322431
8,West Perth,False,08/07/2019,10:35,2019-01-19,09:08:32.322431
0,West Perth,False,24/06/2019,14:50,2019-01-19,09:13:32.620702
1,West Perth,False,25/06/2019,09:45,2019-01-19,09:13:32.620702
2,West Perth,False,25/06/2019,11:25,2019-01-19,09:13:32.620702
3,West Perth,False,25/06/2019,14:50,2019-01-19,09:13:32.620702
4,West Perth,False,25/06/2019,15:40,2019-01-19,09:13:32.620702
5,West Perth,False,03/07/2019,07:05,2019-01-19,09:13:32.620702
6,West Perth,False,03/07/2019,10:35,2019-01-19,09:13:32.620702
7,West Perth,False,03/07/2019,11:25,2019-01-19,09:13:32.620702
8,West Perth,False,08/07/2019,10:35,2019-01-19,09:13:32.620702
0,West Perth,False,24/06/2019,14:50,2019-01-19,09:18:31.887198
1,West Perth,False,25/06/2019,09:45,2019-01-19,09:18:31.887198
2,West Perth,False,25/06/2019,11:25,2019-01-19,09:18:31.887198
3,West Perth,False,25/06/2019,14:50,2019-01-19,09:18:31.887198
4,West Perth,False,25/06/2019,15:40,2019-01-19,09:18:31.887198
5,West Perth,False,03/07/2019,07:05,2019-01-19,09:18:31.887198
6,West Perth,False,03/07/2019,10:35,2019-01-19,09:18:31.887198
7,West Perth,False,03/07/2019,11:25,2019-01-19,09:18:31.887198
8,West Perth,False,08/07/2019,10:35,2019-01-19,09:18:31.887198
0,West Perth,False,24/06/2019,14:50,2019-01-19,09:23:32.073787
1,West Perth,False,25/06/2019,09:45,2019-01-19,09:23:32.073787
2,West Perth,False,25/06/2019,11:25,2019-01-19,09:23:32.073787
3,West Perth,False,25/06/2019,14:50,2019-01-19,09:23:32.073787
4,West Perth,False,25/06/2019,15:40,2019-01-19,09:23:32.073787
5,West Perth,False,03/07/2019,07:05,2019-01-19,09:23:32.073787
6,West Perth,False,03/07/2019,10:35,2019-01-19,09:23:32.073787
7,West Perth,False,03/07/2019,11:25,2019-01-19,09:23:32.073787
8,West Perth,False,08/07/2019,10:35,2019-01-19,09:23:32.073787
0,West Perth,False,24/06/2019,14:50,2019-01-19,09:28:32.005324
1,West Perth,False,25/06/2019,09:45,2019-01-19,09:28:32.005324
2,West Perth,False,25/06/2019,11:25,2019-01-19,09:28:32.005324
3,West Perth,False,25/06/2019,14:50,2019-01-19,09:28:32.005324
4,West Perth,False,25/06/2019,15:40,2019-01-19,09:28:32.005324
5,West Perth,False,03/07/2019,07:05,2019-01-19,09:28:32.005324
6,West Perth,False,03/07/2019,10:35,2019-01-19,09:28:32.005324
7,West Perth,False,03/07/2019,11:25,2019-01-19,09:28:32.005324
8,West Perth,False,08/07/2019,10:35,2019-01-19,09:28:32.005324
0,West Perth,False,24/06/2019,14:50,2019-01-19,09:33:32.502760
1,West Perth,False,25/06/2019,09:45,2019-01-19,09:33:32.502760
2,West Perth,False,25/06/2019,11:25,2019-01-19,09:33:32.502760
3,West Perth,False,25/06/2019,14:50,2019-01-19,09:33:32.502760
4,West Perth,False,25/06/2019,15:40,2019-01-19,09:33:32.502760
5,West Perth,False,03/07/2019,07:05,2019-01-19,09:33:32.502760
6,West Perth,False,03/07/2019,10:35,2019-01-19,09:33:32.502760
7,West Perth,False,03/07/2019,11:25,2019-01-19,09:33:32.502760
8,West Perth,False,08/07/2019,10:35,2019-01-19,09:33:32.502760
0,West Perth,False,24/06/2019,14:50,2019-01-19,09:38:32.282203
1,West Perth,False,25/06/2019,11:25,2019-01-19,09:38:32.282203
2,West Perth,False,25/06/2019,14:50,2019-01-19,09:38:32.282203
3,West Perth,False,25/06/2019,15:40,2019-01-19,09:38:32.282203
4,West Perth,False,03/07/2019,07:05,2019-01-19,09:38:32.282203
5,West Perth,False,03/07/2019,10:35,2019-01-19,09:38:32.282203
6,West Perth,False,03/07/2019,11:25,2019-01-19,09:38:32.282203
7,West Perth,False,08/07/2019,10:35,2019-01-19,09:38:32.282203
8,West Perth,False,15/07/2019,07:55,2019-01-19,09:38:32.282203
0,West Perth,False,24/06/2019,14:50,2019-01-19,09:43:32.279976
1,West Perth,False,25/06/2019,11:25,2019-01-19,09:43:32.279976
2,West Perth,False,25/06/2019,14:50,2019-01-19,09:43:32.279976
3,West Perth,False,25/06/2019,15:40,2019-01-19,09:43:32.279976
4,West Perth,False,03/07/2019,07:05,2019-01-19,09:43:32.279976
5,West Perth,False,03/07/2019,10:35,2019-01-19,09:43:32.279976
6,West Perth,False,03/07/2019,11:25,2019-01-19,09:43:32.279976
7,West Perth,False,08/07/2019,10:35,2019-01-19,09:43:32.279976
8,West Perth,False,15/07/2019,07:55,2019-01-19,09:43:32.279976
0,West Perth,False,24/06/2019,14:50,2019-01-19,09:48:32.224152
1,West Perth,False,25/06/2019,11:25,2019-01-19,09:48:32.224152
2,West Perth,False,25/06/2019,14:50,2019-01-19,09:48:32.224152
3,West Perth,False,25/06/2019,15:40,2019-01-19,09:48:32.224152
4,West Perth,False,03/07/2019,07:05,2019-01-19,09:48:32.224152
5,West Perth,False,03/07/2019,10:35,2019-01-19,09:48:32.224152
6,West Perth,False,03/07/2019,11:25,2019-01-19,09:48:32.224152
7,West Perth,False,08/07/2019,10:35,2019-01-19,09:48:32.224152
8,West Perth,False,15/07/2019,07:55,2019-01-19,09:48:32.224152
0,West Perth,False,24/06/2019,14:50,2019-01-19,09:53:32.712486
1,West Perth,False,25/06/2019,11:25,2019-01-19,09:53:32.712486
2,West Perth,False,25/06/2019,14:50,2019-01-19,09:53:32.712486
3,West Perth,False,25/06/2019,15:40,2019-01-19,09:53:32.712486
4,West Perth,False,03/07/2019,07:05,2019-01-19,09:53:32.712486
5,West Perth,False,03/07/2019,10:35,2019-01-19,09:53:32.712486
6,West Perth,False,03/07/2019,11:25,2019-01-19,09:53:32.712486
7,West Perth,False,08/07/2019,10:35,2019-01-19,09:53:32.712486
8,West Perth,False,15/07/2019,07:55,2019-01-19,09:53:32.712486
0,West Perth,False,24/06/2019,14:50,2019-01-19,09:58:31.913689
1,West Perth,False,25/06/2019,11:25,2019-01-19,09:58:31.913689
2,West Perth,False,25/06/2019,14:50,2019-01-19,09:58:31.913689
3,West Perth,False,25/06/2019,15:40,2019-01-19,09:58:31.913689
4,West Perth,False,03/07/2019,07:05,2019-01-19,09:58:31.913689
5,West Perth,False,03/07/2019,10:35,2019-01-19,09:58:31.913689
6,West Perth,False,03/07/2019,11:25,2019-01-19,09:58:31.913689
7,West Perth,False,08/07/2019,10:35,2019-01-19,09:58:31.913689
8,West Perth,False,15/07/2019,07:55,2019-01-19,09:58:31.913689
0,West Perth,False,25/06/2019,14:50,2019-01-19,10:03:33.196652
1,West Perth,False,25/06/2019,15:40,2019-01-19,10:03:33.196652
2,West Perth,False,01/07/2019,11:25,2019-01-19,10:03:33.196652
3,West Perth,False,03/07/2019,07:05,2019-01-19,10:03:33.196652
4,West Perth,False,03/07/2019,10:35,2019-01-19,10:03:33.196652
5,West Perth,False,03/07/2019,11:25,2019-01-19,10:03:33.196652
6,West Perth,False,08/07/2019,10:35,2019-01-19,10:03:33.196652
7,West Perth,False,15/07/2019,07:55,2019-01-19,10:03:33.196652
8,West Perth,False,15/07/2019,11:25,2019-01-19,10:03:33.196652
0,West Perth,False,25/06/2019,14:50,2019-01-19,10:08:33.956565
1,West Perth,False,25/06/2019,15:40,2019-01-19,10:08:33.956565
2,West Perth,False,01/07/2019,11:25,2019-01-19,10:08:33.956565
3,West Perth,False,03/07/2019,07:05,2019-01-19,10:08:33.956565
4,West Perth,False,03/07/2019,10:35,2019-01-19,10:08:33.956565
5,West Perth,False,03/07/2019,11:25,2019-01-19,10:08:33.956565
6,West Perth,False,08/07/2019,10:35,2019-01-19,10:08:33.956565
7,West Perth,False,15/07/2019,07:55,2019-01-19,10:08:33.956565
8,West Perth,False,15/07/2019,11:25,2019-01-19,10:08:33.956565
0,West Perth,False,25/06/2019,14:50,2019-01-19,10:13:33.285198
1,West Perth,False,25/06/2019,15:40,2019-01-19,10:13:33.285198
2,West Perth,False,01/07/2019,11:25,2019-01-19,10:13:33.285198
3,West Perth,False,03/07/2019,07:05,2019-01-19,10:13:33.285198
4,West Perth,False,03/07/2019,10:35,2019-01-19,10:13:33.285198
5,West Perth,False,03/07/2019,11:25,2019-01-19,10:13:33.285198
6,West Perth,False,08/07/2019,10:35,2019-01-19,10:13:33.285198
7,West Perth,False,15/07/2019,07:55,2019-01-19,10:13:33.285198
8,West Perth,False,15/07/2019,11:25,2019-01-19,10:13:33.285198
0,West Perth,False,25/06/2019,14:50,2019-01-19,10:18:32.757961
1,West Perth,False,25/06/2019,15:40,2019-01-19,10:18:32.757961
2,West Perth,False,01/07/2019,11:25,2019-01-19,10:18:32.757961
3,West Perth,False,03/07/2019,07:05,2019-01-19,10:18:32.757961
4,West Perth,False,03/07/2019,10:35,2019-01-19,10:18:32.757961
5,West Perth,False,03/07/2019,11:25,2019-01-19,10:18:32.757961
6,West Perth,False,08/07/2019,10:35,2019-01-19,10:18:32.757961
7,West Perth,False,15/07/2019,07:55,2019-01-19,10:18:32.757961
8,West Perth,False,15/07/2019,11:25,2019-01-19,10:18:32.757961
0,West Perth,False,25/06/2019,14:50,2019-01-19,10:23:32.071372
1,West Perth,False,25/06/2019,15:40,2019-01-19,10:23:32.071372
2,West Perth,False,01/07/2019,11:25,2019-01-19,10:23:32.071372
3,West Perth,False,03/07/2019,07:05,2019-01-19,10:23:32.071372
4,West Perth,False,03/07/2019,10:35,2019-01-19,10:23:32.071372
5,West Perth,False,03/07/2019,11:25,2019-01-19,10:23:32.071372
6,West Perth,False,08/07/2019,10:35,2019-01-19,10:23:32.071372
7,West Perth,False,15/07/2019,07:55,2019-01-19,10:23:32.071372
8,West Perth,False,15/07/2019,11:25,2019-01-19,10:23:32.071372
0,West Perth,False,25/06/2019,14:50,2019-01-19,10:28:33.542812
1,West Perth,False,25/06/2019,15:40,2019-01-19,10:28:33.542812
2,West Perth,False,01/07/2019,11:25,2019-01-19,10:28:33.542812
3,West Perth,False,03/07/2019,07:05,2019-01-19,10:28:33.542812
4,West Perth,False,03/07/2019,10:35,2019-01-19,10:28:33.542812
5,West Perth,False,03/07/2019,11:25,2019-01-19,10:28:33.542812
6,West Perth,False,08/07/2019,10:35,2019-01-19,10:28:33.542812
7,West Perth,False,15/07/2019,07:55,2019-01-19,10:28:33.542812
8,West Perth,False,15/07/2019,11:25,2019-01-19,10:28:33.542812
0,West Perth,False,25/06/2019,14:50,2019-01-19,10:33:32.010370
1,West Perth,False,25/06/2019,15:40,2019-01-19,10:33:32.010370
2,West Perth,False,01/07/2019,11:25,2019-01-19,10:33:32.010370
3,West Perth,False,03/07/2019,07:05,2019-01-19,10:33:32.010370
4,West Perth,False,03/07/2019,10:35,2019-01-19,10:33:32.010370
5,West Perth,False,03/07/2019,11:25,2019-01-19,10:33:32.010370
6,West Perth,False,08/07/2019,10:35,2019-01-19,10:33:32.010370
7,West Perth,False,15/07/2019,07:55,2019-01-19,10:33:32.010370
8,West Perth,False,15/07/2019,11:25,2019-01-19,10:33:32.010370
0,West Perth,False,25/06/2019,15:40,2019-01-19,10:38:31.900158
1,West Perth,False,01/07/2019,11:25,2019-01-19,10:38:31.900158
2,West Perth,False,03/07/2019,07:05,2019-01-19,10:38:31.900158
3,West Perth,False,03/07/2019,11:25,2019-01-19,10:38:31.900158
4,West Perth,False,08/07/2019,10:35,2019-01-19,10:38:31.900158
5,West Perth,False,15/07/2019,07:55,2019-01-19,10:38:31.900158
6,West Perth,False,15/07/2019,11:25,2019-01-19,10:38:31.900158
7,West Perth,False,15/07/2019,13:00,2019-01-19,10:38:31.900158
8,West Perth,False,15/07/2019,13:50,2019-01-19,10:38:31.900158
0,West Perth,False,25/06/2019,15:40,2019-01-19,10:43:33.802517
1,West Perth,False,01/07/2019,11:25,2019-01-19,10:43:33.802517
2,West Perth,False,03/07/2019,07:05,2019-01-19,10:43:33.802517
3,West Perth,False,03/07/2019,11:25,2019-01-19,10:43:33.802517
4,West Perth,False,08/07/2019,10:35,2019-01-19,10:43:33.802517
5,West Perth,False,15/07/2019,07:55,2019-01-19,10:43:33.802517
6,West Perth,False,15/07/2019,11:25,2019-01-19,10:43:33.802517
7,West Perth,False,15/07/2019,13:00,2019-01-19,10:43:33.802517
8,West Perth,False,15/07/2019,13:50,2019-01-19,10:43:33.802517
0,West Perth,False,25/06/2019,15:40,2019-01-19,10:48:32.434651
1,West Perth,False,01/07/2019,11:25,2019-01-19,10:48:32.434651
2,West Perth,False,03/07/2019,07:05,2019-01-19,10:48:32.434651
3,West Perth,False,03/07/2019,11:25,2019-01-19,10:48:32.434651
4,West Perth,False,08/07/2019,10:35,2019-01-19,10:48:32.434651
5,West Perth,False,15/07/2019,07:55,2019-01-19,10:48:32.434651
6,West Perth,False,15/07/2019,11:25,2019-01-19,10:48:32.434651
7,West Perth,False,15/07/2019,13:00,2019-01-19,10:48:32.434651
8,West Perth,False,15/07/2019,13:50,2019-01-19,10:48:32.434651
0,West Perth,False,25/06/2019,15:40,2019-01-19,10:53:33.782690
1,West Perth,False,01/07/2019,11:25,2019-01-19,10:53:33.782690
2,West Perth,False,03/07/2019,07:05,2019-01-19,10:53:33.782690
3,West Perth,False,03/07/2019,10:35,2019-01-19,10:53:33.782690
4,West Perth,False,03/07/2019,11:25,2019-01-19,10:53:33.782690
5,West Perth,False,15/07/2019,07:55,2019-01-19,10:53:33.782690
6,West Perth,False,15/07/2019,11:25,2019-01-19,10:53:33.782690
7,West Perth,False,15/07/2019,13:00,2019-01-19,10:53:33.782690
8,West Perth,False,15/07/2019,13:50,2019-01-19,10:53:33.782690
0,West Perth,False,25/06/2019,15:40,2019-01-19,10:58:32.941513
1,West Perth,False,01/07/2019,11:25,2019-01-19,10:58:32.941513
2,West Perth,False,03/07/2019,07:05,2019-01-19,10:58:32.941513
3,West Perth,False,03/07/2019,10:35,2019-01-19,10:58:32.941513
4,West Perth,False,03/07/2019,11:25,2019-01-19,10:58:32.941513
5,West Perth,False,15/07/2019,07:55,2019-01-19,10:58:32.941513
6,West Perth,False,15/07/2019,11:25,2019-01-19,10:58:32.941513
7,West Perth,False,15/07/2019,13:00,2019-01-19,10:58:32.941513
8,West Perth,False,15/07/2019,13:50,2019-01-19,10:58:32.941513
0,West Perth,False,01/07/2019,11:25,2019-01-19,11:03:32.273947
1,West Perth,False,03/07/2019,07:05,2019-01-19,11:03:32.273947
2,West Perth,False,03/07/2019,10:35,2019-01-19,11:03:32.273947
3,West Perth,False,03/07/2019,11:25,2019-01-19,11:03:32.273947
4,West Perth,False,15/07/2019,07:55,2019-01-19,11:03:32.273947
5,West Perth,False,15/07/2019,11:25,2019-01-19,11:03:32.273947
6,West Perth,False,15/07/2019,13:00,2019-01-19,11:03:32.273947
7,West Perth,False,15/07/2019,13:50,2019-01-19,11:03:32.273947
8,West Perth,False,15/07/2019,14:50,2019-01-19,11:03:32.273947
0,West Perth,False,01/07/2019,11:25,2019-01-19,11:08:32.514226
1,West Perth,False,03/07/2019,07:05,2019-01-19,11:08:32.514226
2,West Perth,False,03/07/2019,10:35,2019-01-19,11:08:32.514226
3,West Perth,False,03/07/2019,11:25,2019-01-19,11:08:32.514226
4,West Perth,False,15/07/2019,07:55,2019-01-19,11:08:32.514226
5,West Perth,False,15/07/2019,11:25,2019-01-19,11:08:32.514226
6,West Perth,False,15/07/2019,13:00,2019-01-19,11:08:32.514226
7,West Perth,False,15/07/2019,13:50,2019-01-19,11:08:32.514226
8,West Perth,False,15/07/2019,14:50,2019-01-19,11:08:32.514226
0,West Perth,False,01/07/2019,11:25,2019-01-19,11:13:33.090062
1,West Perth,False,03/07/2019,07:05,2019-01-19,11:13:33.090062
2,West Perth,False,03/07/2019,10:35,2019-01-19,11:13:33.090062
3,West Perth,False,03/07/2019,11:25,2019-01-19,11:13:33.090062
4,West Perth,False,15/07/2019,07:55,2019-01-19,11:13:33.090062
5,West Perth,False,15/07/2019,11:25,2019-01-19,11:13:33.090062
6,West Perth,False,15/07/2019,13:00,2019-01-19,11:13:33.090062
7,West Perth,False,15/07/2019,13:50,2019-01-19,11:13:33.090062
8,West Perth,False,15/07/2019,14:50,2019-01-19,11:13:33.090062
0,West Perth,False,22/01/2019,07:05,2019-01-19,11:18:32.104223
1,West Perth,False,01/07/2019,11:25,2019-01-19,11:18:32.104223
2,West Perth,False,03/07/2019,07:05,2019-01-19,11:18:32.104223
3,West Perth,False,03/07/2019,10:35,2019-01-19,11:18:32.104223
4,West Perth,False,03/07/2019,11:25,2019-01-19,11:18:32.104223
5,West Perth,False,15/07/2019,07:55,2019-01-19,11:18:32.104223
6,West Perth,False,15/07/2019,11:25,2019-01-19,11:18:32.104223
7,West Perth,False,15/07/2019,13:00,2019-01-19,11:18:32.104223
8,West Perth,False,15/07/2019,13:50,2019-01-19,11:18:32.104223
0,West Perth,False,22/01/2019,07:05,2019-01-19,11:23:32.275004
1,West Perth,False,01/07/2019,11:25,2019-01-19,11:23:32.275004
2,West Perth,False,03/07/2019,07:05,2019-01-19,11:23:32.275004
3,West Perth,False,03/07/2019,10:35,2019-01-19,11:23:32.275004
4,West Perth,False,03/07/2019,11:25,2019-01-19,11:23:32.275004
5,West Perth,False,15/07/2019,07:55,2019-01-19,11:23:32.275004
6,West Perth,False,15/07/2019,11:25,2019-01-19,11:23:32.275004
7,West Perth,False,15/07/2019,13:00,2019-01-19,11:23:32.275004
8,West Perth,False,15/07/2019,13:50,2019-01-19,11:23:32.275004
0,West Perth,False,22/01/2019,07:05,2019-01-19,11:28:32.581251
1,West Perth,False,01/07/2019,11:25,2019-01-19,11:28:32.581251
2,West Perth,False,03/07/2019,07:05,2019-01-19,11:28:32.581251
3,West Perth,False,03/07/2019,10:35,2019-01-19,11:28:32.581251
4,West Perth,False,03/07/2019,11:25,2019-01-19,11:28:32.581251
5,West Perth,False,15/07/2019,07:55,2019-01-19,11:28:32.581251
6,West Perth,False,15/07/2019,11:25,2019-01-19,11:28:32.581251
7,West Perth,False,15/07/2019,13:00,2019-01-19,11:28:32.581251
8,West Perth,False,15/07/2019,13:50,2019-01-19,11:28:32.581251
0,West Perth,False,01/07/2019,11:25,2019-01-19,11:33:32.575699
1,West Perth,False,03/07/2019,07:05,2019-01-19,11:33:32.575699
2,West Perth,False,03/07/2019,10:35,2019-01-19,11:33:32.575699
3,West Perth,False,03/07/2019,11:25,2019-01-19,11:33:32.575699
4,West Perth,False,15/07/2019,07:55,2019-01-19,11:33:32.575699
5,West Perth,False,15/07/2019,11:25,2019-01-19,11:33:32.575699
6,West Perth,False,15/07/2019,13:00,2019-01-19,11:33:32.575699
7,West Perth,False,15/07/2019,13:50,2019-01-19,11:33:32.575699
8,West Perth,False,15/07/2019,14:50,2019-01-19,11:33:32.575699
0,West Perth,False,01/07/2019,11:25,2019-01-19,11:38:32.399572
1,West Perth,False,03/07/2019,07:05,2019-01-19,11:38:32.399572
2,West Perth,False,03/07/2019,10:35,2019-01-19,11:38:32.399572
3,West Perth,False,03/07/2019,11:25,2019-01-19,11:38:32.399572
4,West Perth,False,15/07/2019,07:55,2019-01-19,11:38:32.399572
5,West Perth,False,15/07/2019,11:25,2019-01-19,11:38:32.399572
6,West Perth,False,15/07/2019,13:00,2019-01-19,11:38:32.399572
7,West Perth,False,15/07/2019,13:50,2019-01-19,11:38:32.399572
8,West Perth,False,15/07/2019,14:50,2019-01-19,11:38:32.399572
0,West Perth,False,01/07/2019,11:25,2019-01-19,11:43:32.339822
1,West Perth,False,03/07/2019,07:05,2019-01-19,11:43:32.339822
2,West Perth,False,03/07/2019,10:35,2019-01-19,11:43:32.339822
3,West Perth,False,03/07/2019,11:25,2019-01-19,11:43:32.339822
4,West Perth,False,15/07/2019,07:55,2019-01-19,11:43:32.339822
5,West Perth,False,15/07/2019,11:25,2019-01-19,11:43:32.339822
6,West Perth,False,15/07/2019,13:00,2019-01-19,11:43:32.339822
7,West Perth,False,15/07/2019,13:50,2019-01-19,11:43:32.339822
8,West Perth,False,15/07/2019,14:50,2019-01-19,11:43:32.339822
0,West Perth,False,01/07/2019,11:25,2019-01-19,11:48:33.426977
1,West Perth,False,03/07/2019,07:05,2019-01-19,11:48:33.426977
2,West Perth,False,03/07/2019,10:35,2019-01-19,11:48:33.426977
3,West Perth,False,03/07/2019,11:25,2019-01-19,11:48:33.426977
4,West Perth,False,15/07/2019,07:55,2019-01-19,11:48:33.426977
5,West Perth,False,15/07/2019,11:25,2019-01-19,11:48:33.426977
6,West Perth,False,15/07/2019,13:00,2019-01-19,11:48:33.426977
7,West Perth,False,15/07/2019,13:50,2019-01-19,11:48:33.426977
8,West Perth,False,15/07/2019,14:50,2019-01-19,11:48:33.426977
0,West Perth,False,01/07/2019,11:25,2019-01-19,11:53:32.895646
1,West Perth,False,03/07/2019,07:05,2019-01-19,11:53:32.895646
2,West Perth,False,03/07/2019,10:35,2019-01-19,11:53:32.895646
3,West Perth,False,03/07/2019,11:25,2019-01-19,11:53:32.895646
4,West Perth,False,15/07/2019,07:55,2019-01-19,11:53:32.895646
5,West Perth,False,15/07/2019,11:25,2019-01-19,11:53:32.895646
6,West Perth,False,15/07/2019,13:00,2019-01-19,11:53:32.895646
7,West Perth,False,15/07/2019,13:50,2019-01-19,11:53:32.895646
8,West Perth,False,15/07/2019,14:50,2019-01-19,11:53:32.895646
0,West Perth,False,01/07/2019,11:25,2019-01-19,11:58:32.813219
1,West Perth,False,03/07/2019,07:05,2019-01-19,11:58:32.813219
2,West Perth,False,03/07/2019,10:35,2019-01-19,11:58:32.813219
3,West Perth,False,03/07/2019,11:25,2019-01-19,11:58:32.813219
4,West Perth,False,15/07/2019,07:55,2019-01-19,11:58:32.813219
5,West Perth,False,15/07/2019,11:25,2019-01-19,11:58:32.813219
6,West Perth,False,15/07/2019,13:00,2019-01-19,11:58:32.813219
7,West Perth,False,15/07/2019,13:50,2019-01-19,11:58:32.813219
8,West Perth,False,15/07/2019,14:50,2019-01-19,11:58:32.813219
0,West Perth,False,03/07/2019,07:05,2019-01-19,12:03:32.454071
1,West Perth,False,03/07/2019,10:35,2019-01-19,12:03:32.454071
2,West Perth,False,03/07/2019,11:25,2019-01-19,12:03:32.454071
3,West Perth,False,15/07/2019,07:55,2019-01-19,12:03:32.454071
4,West Perth,False,15/07/2019,11:25,2019-01-19,12:03:32.454071
5,West Perth,False,15/07/2019,13:00,2019-01-19,12:03:32.454071
6,West Perth,False,15/07/2019,13:50,2019-01-19,12:03:32.454071
7,West Perth,False,15/07/2019,14:50,2019-01-19,12:03:32.454071
8,West Perth,False,16/07/2019,07:05,2019-01-19,12:03:32.454071
0,West Perth,False,03/07/2019,10:35,2019-01-19,12:08:32.403818
1,West Perth,False,03/07/2019,11:25,2019-01-19,12:08:32.403818
2,West Perth,False,15/07/2019,07:55,2019-01-19,12:08:32.403818
3,West Perth,False,15/07/2019,11:25,2019-01-19,12:08:32.403818
4,West Perth,False,15/07/2019,13:00,2019-01-19,12:08:32.403818
5,West Perth,False,15/07/2019,13:50,2019-01-19,12:08:32.403818
6,West Perth,False,15/07/2019,14:50,2019-01-19,12:08:32.403818
7,West Perth,False,16/07/2019,07:05,2019-01-19,12:08:32.403818
8,West Perth,False,22/07/2019,08:45,2019-01-19,12:08:32.403818
0,West Perth,False,03/07/2019,10:35,2019-01-19,12:13:32.480819
1,West Perth,False,03/07/2019,11:25,2019-01-19,12:13:32.480819
2,West Perth,False,15/07/2019,07:55,2019-01-19,12:13:32.480819
3,West Perth,False,15/07/2019,11:25,2019-01-19,12:13:32.480819
4,West Perth,False,15/07/2019,13:00,2019-01-19,12:13:32.480819
5,West Perth,False,15/07/2019,13:50,2019-01-19,12:13:32.480819
6,West Perth,False,15/07/2019,14:50,2019-01-19,12:13:32.480819
7,West Perth,False,16/07/2019,07:05,2019-01-19,12:13:32.480819
8,West Perth,False,22/07/2019,08:45,2019-01-19,12:13:32.480819
0,West Perth,False,03/07/2019,10:35,2019-01-19,12:18:32.399233
1,West Perth,False,03/07/2019,11:25,2019-01-19,12:18:32.399233
2,West Perth,False,15/07/2019,07:55,2019-01-19,12:18:32.399233
3,West Perth,False,15/07/2019,11:25,2019-01-19,12:18:32.399233
4,West Perth,False,15/07/2019,13:00,2019-01-19,12:18:32.399233
5,West Perth,False,15/07/2019,13:50,2019-01-19,12:18:32.399233
6,West Perth,False,15/07/2019,14:50,2019-01-19,12:18:32.399233
7,West Perth,False,16/07/2019,07:05,2019-01-19,12:18:32.399233
8,West Perth,False,22/07/2019,08:45,2019-01-19,12:18:32.399233
0,West Perth,False,03/07/2019,11:25,2019-01-19,12:23:32.837351
1,West Perth,False,15/07/2019,07:55,2019-01-19,12:23:32.837351
2,West Perth,False,15/07/2019,11:25,2019-01-19,12:23:32.837351
3,West Perth,False,15/07/2019,13:00,2019-01-19,12:23:32.837351
4,West Perth,False,15/07/2019,13:50,2019-01-19,12:23:32.837351
5,West Perth,False,15/07/2019,14:50,2019-01-19,12:23:32.837351
6,West Perth,False,16/07/2019,07:05,2019-01-19,12:23:32.837351
7,West Perth,False,22/07/2019,08:45,2019-01-19,12:23:32.837351
8,West Perth,False,22/07/2019,09:45,2019-01-19,12:23:32.837351
0,West Perth,False,03/07/2019,11:25,2019-01-19,12:28:32.152813
1,West Perth,False,15/07/2019,07:55,2019-01-19,12:28:32.152813
2,West Perth,False,15/07/2019,11:25,2019-01-19,12:28:32.152813
3,West Perth,False,15/07/2019,13:00,2019-01-19,12:28:32.152813
4,West Perth,False,15/07/2019,13:50,2019-01-19,12:28:32.152813
5,West Perth,False,15/07/2019,14:50,2019-01-19,12:28:32.152813
6,West Perth,False,16/07/2019,07:05,2019-01-19,12:28:32.152813
7,West Perth,False,22/07/2019,08:45,2019-01-19,12:28:32.152813
8,West Perth,False,22/07/2019,09:45,2019-01-19,12:28:32.152813
0,West Perth,False,03/07/2019,11:25,2019-01-19,12:33:33.122695
1,West Perth,False,15/07/2019,07:55,2019-01-19,12:33:33.122695
2,West Perth,False,15/07/2019,11:25,2019-01-19,12:33:33.122695
3,West Perth,False,15/07/2019,13:00,2019-01-19,12:33:33.122695
4,West Perth,False,15/07/2019,13:50,2019-01-19,12:33:33.122695
5,West Perth,False,15/07/2019,14:50,2019-01-19,12:33:33.122695
6,West Perth,False,16/07/2019,07:05,2019-01-19,12:33:33.122695
7,West Perth,False,22/07/2019,08:45,2019-01-19,12:33:33.122695
8,West Perth,False,22/07/2019,09:45,2019-01-19,12:33:33.122695
0,West Perth,False,03/07/2019,11:25,2019-01-19,12:38:32.845561
1,West Perth,False,15/07/2019,07:55,2019-01-19,12:38:32.845561
2,West Perth,False,15/07/2019,11:25,2019-01-19,12:38:32.845561
3,West Perth,False,15/07/2019,13:00,2019-01-19,12:38:32.845561
4,West Perth,False,15/07/2019,13:50,2019-01-19,12:38:32.845561
5,West Perth,False,15/07/2019,14:50,2019-01-19,12:38:32.845561
6,West Perth,False,16/07/2019,07:05,2019-01-19,12:38:32.845561
7,West Perth,False,22/07/2019,08:45,2019-01-19,12:38:32.845561
8,West Perth,False,22/07/2019,09:45,2019-01-19,12:38:32.845561
0,West Perth,False,15/07/2019,07:55,2019-01-19,12:43:37.399413
1,West Perth,False,15/07/2019,11:25,2019-01-19,12:43:37.399413
2,West Perth,False,15/07/2019,13:00,2019-01-19,12:43:37.399413
3,West Perth,False,15/07/2019,13:50,2019-01-19,12:43:37.399413
4,West Perth,False,15/07/2019,14:50,2019-01-19,12:43:37.399413
5,West Perth,False,16/07/2019,07:05,2019-01-19,12:43:37.399413
6,West Perth,False,22/07/2019,08:45,2019-01-19,12:43:37.399413
7,West Perth,False,22/07/2019,09:45,2019-01-19,12:43:37.399413
8,West Perth,False,22/07/2019,11:25,2019-01-19,12:43:37.399413
0,West Perth,False,15/07/2019,07:55,2019-01-19,12:48:32.162186
1,West Perth,False,15/07/2019,11:25,2019-01-19,12:48:32.162186
2,West Perth,False,15/07/2019,13:00,2019-01-19,12:48:32.162186
3,West Perth,False,15/07/2019,13:50,2019-01-19,12:48:32.162186
4,West Perth,False,15/07/2019,14:50,2019-01-19,12:48:32.162186
5,West Perth,False,22/07/2019,08:45,2019-01-19,12:48:32.162186
6,West Perth,False,22/07/2019,09:45,2019-01-19,12:48:32.162186
7,West Perth,False,22/07/2019,11:25,2019-01-19,12:48:32.162186
0,West Perth,False,15/07/2019,07:55,2019-01-19,12:53:31.900498
1,West Perth,False,15/07/2019,11:25,2019-01-19,12:53:31.900498
2,West Perth,False,15/07/2019,13:00,2019-01-19,12:53:31.900498
3,West Perth,False,15/07/2019,13:50,2019-01-19,12:53:31.900498
4,West Perth,False,15/07/2019,14:50,2019-01-19,12:53:31.900498
5,West Perth,False,22/07/2019,08:45,2019-01-19,12:53:31.900498
6,West Perth,False,22/07/2019,09:45,2019-01-19,12:53:31.900498
7,West Perth,False,22/07/2019,11:25,2019-01-19,12:53:31.900498
0,West Perth,False,15/07/2019,07:55,2019-01-19,12:58:33.254706
1,West Perth,False,15/07/2019,11:25,2019-01-19,12:58:33.254706
2,West Perth,False,15/07/2019,13:00,2019-01-19,12:58:33.254706
3,West Perth,False,15/07/2019,13:50,2019-01-19,12:58:33.254706
4,West Perth,False,15/07/2019,14:50,2019-01-19,12:58:33.254706
5,West Perth,False,22/07/2019,08:45,2019-01-19,12:58:33.254706
6,West Perth,False,22/07/2019,09:45,2019-01-19,12:58:33.254706
7,West Perth,False,22/07/2019,11:25,2019-01-19,12:58:33.254706
0,West Perth,False,15/07/2019,07:55,2019-01-19,13:03:32.273938
1,West Perth,False,15/07/2019,11:25,2019-01-19,13:03:32.273938
2,West Perth,False,15/07/2019,13:00,2019-01-19,13:03:32.273938
3,West Perth,False,15/07/2019,13:50,2019-01-19,13:03:32.273938
4,West Perth,False,15/07/2019,14:50,2019-01-19,13:03:32.273938
5,West Perth,False,22/07/2019,08:45,2019-01-19,13:03:32.273938
6,West Perth,False,22/07/2019,09:45,2019-01-19,13:03:32.273938
7,West Perth,False,22/07/2019,11:25,2019-01-19,13:03:32.273938
0,West Perth,False,15/07/2019,07:55,2019-01-19,13:08:32.535806
1,West Perth,False,15/07/2019,11:25,2019-01-19,13:08:32.535806
2,West Perth,False,15/07/2019,13:00,2019-01-19,13:08:32.535806
3,West Perth,False,15/07/2019,13:50,2019-01-19,13:08:32.535806
4,West Perth,False,15/07/2019,14:50,2019-01-19,13:08:32.535806
5,West Perth,False,22/07/2019,08:45,2019-01-19,13:08:32.535806
6,West Perth,False,22/07/2019,09:45,2019-01-19,13:08:32.535806
7,West Perth,False,22/07/2019,11:25,2019-01-19,13:08:32.535806
0,West Perth,False,15/07/2019,07:55,2019-01-19,13:13:32.132767
1,West Perth,False,15/07/2019,11:25,2019-01-19,13:13:32.132767
2,West Perth,False,15/07/2019,13:00,2019-01-19,13:13:32.132767
3,West Perth,False,15/07/2019,13:50,2019-01-19,13:13:32.132767
4,West Perth,False,15/07/2019,14:50,2019-01-19,13:13:32.132767
5,West Perth,False,22/07/2019,08:45,2019-01-19,13:13:32.132767
6,West Perth,False,22/07/2019,09:45,2019-01-19,13:13:32.132767
7,West Perth,False,22/07/2019,11:25,2019-01-19,13:13:32.132767
0,West Perth,False,15/07/2019,11:25,2019-01-19,13:18:33.232557
1,West Perth,False,15/07/2019,13:00,2019-01-19,13:18:33.232557
2,West Perth,False,15/07/2019,13:50,2019-01-19,13:18:33.232557
3,West Perth,False,15/07/2019,14:50,2019-01-19,13:18:33.232557
4,West Perth,False,22/07/2019,08:45,2019-01-19,13:18:33.232557
5,West Perth,False,22/07/2019,09:45,2019-01-19,13:18:33.232557
6,West Perth,False,22/07/2019,11:25,2019-01-19,13:18:33.232557
0,West Perth,False,15/07/2019,11:25,2019-01-19,13:23:32.348668
1,West Perth,False,15/07/2019,13:00,2019-01-19,13:23:32.348668
2,West Perth,False,15/07/2019,13:50,2019-01-19,13:23:32.348668
3,West Perth,False,15/07/2019,14:50,2019-01-19,13:23:32.348668
4,West Perth,False,22/07/2019,08:45,2019-01-19,13:23:32.348668
5,West Perth,False,22/07/2019,09:45,2019-01-19,13:23:32.348668
6,West Perth,False,22/07/2019,11:25,2019-01-19,13:23:32.348668
0,West Perth,False,15/07/2019,11:25,2019-01-19,13:28:32.055686
1,West Perth,False,15/07/2019,13:00,2019-01-19,13:28:32.055686
2,West Perth,False,15/07/2019,13:50,2019-01-19,13:28:32.055686
3,West Perth,False,15/07/2019,14:50,2019-01-19,13:28:32.055686
4,West Perth,False,22/07/2019,08:45,2019-01-19,13:28:32.055686
5,West Perth,False,22/07/2019,09:45,2019-01-19,13:28:32.055686
6,West Perth,False,22/07/2019,11:25,2019-01-19,13:28:32.055686
0,West Perth,False,15/07/2019,11:25,2019-01-19,13:33:32.430234
1,West Perth,False,15/07/2019,13:00,2019-01-19,13:33:32.430234
2,West Perth,False,15/07/2019,13:50,2019-01-19,13:33:32.430234
3,West Perth,False,15/07/2019,14:50,2019-01-19,13:33:32.430234
4,West Perth,False,22/07/2019,08:45,2019-01-19,13:33:32.430234
5,West Perth,False,22/07/2019,09:45,2019-01-19,13:33:32.430234
6,West Perth,False,22/07/2019,11:25,2019-01-19,13:33:32.430234
0,West Perth,False,15/07/2019,11:25,2019-01-19,15:46:02.347152
1,West Perth,False,15/07/2019,13:00,2019-01-19,15:46:02.347152
2,West Perth,False,15/07/2019,13:50,2019-01-19,15:46:02.347152
3,West Perth,False,15/07/2019,14:50,2019-01-19,15:46:02.347152
4,West Perth,False,22/07/2019,08:45,2019-01-19,15:46:02.347152
5,West Perth,False,22/07/2019,09:45,2019-01-19,15:46:02.347152
6,West Perth,False,22/07/2019,11:25,2019-01-19,15:46:02.347152
0,West Perth,False,15/07/2019,11:25,2019-01-19,15:51:01.988536
1,West Perth,False,15/07/2019,13:00,2019-01-19,15:51:01.988536
2,West Perth,False,15/07/2019,13:50,2019-01-19,15:51:01.988536
3,West Perth,False,15/07/2019,14:50,2019-01-19,15:51:01.988536
4,West Perth,False,22/07/2019,08:45,2019-01-19,15:51:01.988536
5,West Perth,False,22/07/2019,09:45,2019-01-19,15:51:01.988536
6,West Perth,False,22/07/2019,11:25,2019-01-19,15:51:01.988536
0,West Perth,False,15/07/2019,11:25,2019-01-19,15:56:02.074016
1,West Perth,False,15/07/2019,13:00,2019-01-19,15:56:02.074016
2,West Perth,False,15/07/2019,13:50,2019-01-19,15:56:02.074016
3,West Perth,False,15/07/2019,14:50,2019-01-19,15:56:02.074016
4,West Perth,False,22/07/2019,08:45,2019-01-19,15:56:02.074016
5,West Perth,False,22/07/2019,11:25,2019-01-19,15:56:02.074016
0,West Perth,False,15/07/2019,11:25,2019-01-19,16:01:01.840169
1,West Perth,False,15/07/2019,13:00,2019-01-19,16:01:01.840169
2,West Perth,False,15/07/2019,13:50,2019-01-19,16:01:01.840169
3,West Perth,False,15/07/2019,14:50,2019-01-19,16:01:01.840169
4,West Perth,False,22/07/2019,08:45,2019-01-19,16:01:01.840169
5,West Perth,False,22/07/2019,11:25,2019-01-19,16:01:01.840169
0,West Perth,False,15/07/2019,11:25,2019-01-19,16:06:03.293233
1,West Perth,False,15/07/2019,13:00,2019-01-19,16:06:03.293233
2,West Perth,False,15/07/2019,13:50,2019-01-19,16:06:03.293233
3,West Perth,False,15/07/2019,14:50,2019-01-19,16:06:03.293233
4,West Perth,False,22/07/2019,08:45,2019-01-19,16:06:03.293233
5,West Perth,False,22/07/2019,11:25,2019-01-19,16:06:03.293233
0,West Perth,False,15/07/2019,13:50,2019-01-19,16:11:02.224490
1,West Perth,False,15/07/2019,14:50,2019-01-19,16:11:02.224490
2,West Perth,False,22/07/2019,08:45,2019-01-19,16:11:02.224490
3,West Perth,False,22/07/2019,11:25,2019-01-19,16:11:02.224490
0,West Perth,False,15/07/2019,14:50,2019-01-19,16:16:01.035814
1,West Perth,False,22/07/2019,08:45,2019-01-19,16:16:01.035814
0,West Perth,False,22/07/2019,08:45,2019-01-19,16:21:02.637215
0,West Perth,False,27/03/2019,13:50,2019-01-19,16:26:00.842384
1,West Perth,False,22/07/2019,08:45,2019-01-19,16:26:00.842384
0,West Perth,False,22/07/2019,08:45,2019-01-19,16:31:02.032969
0,West Perth,False,05/06/2019,08:45,2019-01-19,20:51:01.512836
0,West Perth,False,05/06/2019,08:45,2019-01-19,20:56:00.804986
0,West Perth,False,05/06/2019,08:45,2019-01-19,21:01:01.221900
0,West Perth,False,05/06/2019,08:45,2019-01-19,21:06:01.173899
0,West Perth,False,05/06/2019,08:45,2019-01-19,21:11:00.835296
0,West Perth,False,05/06/2019,08:45,2019-01-19,21:16:01.132225
0,West Perth,False,05/06/2019,08:45,2019-01-19,21:21:01.418150
